[{
  "_id": "ID_Cliente",
  "nombre": "Nombre",
  "apellido": "Apellido",
  "correo": "Correo",
  "telefono": "Telefono",
  "reservas": [
    {
      "id_reserva": "ID_Reserva",
      "id_parcela": "ID_Parcela",
      "fecha_inicio": "Fecha_Inicio",
      "fecha_fin": "Fecha_Fin",
      "estado": "Estado",
      "pagos": [
        {
          "id_pago": "ID_Pago",
          "fecha_pago": "Fecha_Pago",
          "monto": "Monto",
          "metodo_pago": "Metodo_Pago"
        }
      ]
    }
  ],
  "resenas": [
    {
      "id_resena": "ID_Reseña",
      "id_parcela": "ID_Parcela",
      "fecha_resena": "Fecha_Reseña",
      "calificacion": "Calificacion",
      "comentario": "Comentario"
    }
  ]
},
{
  "_id": "ID_Parcela",
  "direccion": "Direccion",
  "descripcion": "Descripcion",
  "precios": "Precios",
  "calendario": [
    {
      "fecha": "Fecha",
      "disponible": "Disponible"
    }
  ],
  "dueno": {
    "nombre": "Nombre",
    "apellido": "Apellido",
    "correo": "Correo",
    "telefono": "Telefono"
  },
  "resenas": [
    {
      "id_resena": "ID_Reseña",
      "id_cliente": "ID_Cliente",
      "fecha_resena": "Fecha_Reseña",
      "calificacion": "Calificacion",
      "comentario": "Comentario"
    }
  ]
}]